entreprise,login_github,site,total_public_connu_usd,nb_beneficiaires_github,exclusion_raison,date_verif
Casino Professor,,https://casino-professor.com/,19300,0,spam_casino,2026-10-05
Online United States Casinos,,https://www.onlineunitedstatescasinos.com/,18300,0,spam_casino,2026-10-05
spinsify.com/uk,,https://www.spinsify.com/uk/new-casinos,16970,0,spam_casino,2026-10-05
Casino Topp,,https://www.casinotopp.net/,13488,0,spam_casino,2026-10-05
Funrize™ Social Casino,,https://funrize.com,12700,0,spam_casino,2026-10-05
Casino utan svensk licens,,https://casinoburst.com/casino-utan-licens/,12663,0,spam_casino,2026-10-05
Casino Online,,https://casinoonline.casino/,10620,0,spam_casino,2026-10-05
NettiCasinoHEX.com,,https://netticasinohex.com/,9300,0,spam_casino,2026-10-05
Japanesecasino,,https://www.japanesecasino.com/,9000,0,spam_casino,2026-10-05
Casinoonlineaams.com,,https://www.casinoonlineaams.com,8600,0,spam_casino,2026-10-05
Nettcasino,,https://www.nettcasino.com/,8350,0,spam_casino,2026-10-05
CasinoHEX Australia,,https://online-aussie-casino.com/,8300,0,spam_casino,2026-10-05
TheCasinoDB,,https://www.thecasinodb.com,7800,0,spam_casino,2026-10-05
Canadacasino,,https://www.canadacasino.ca/,7500,0,spam_casino,2026-10-05
OnlineCasinosSpelen,,https://onlinecasinosspelen.com,7210,0,spam_casino,2026-10-05
Bestecasinobonussen.nl,,https://www.bestecasinobonussen.nl/,7200,0,spam_casino,2026-10-05
Nieuwe-Casinos.net,,https://Nieuwe-Casinos.net,7200,0,spam_casino,2026-10-05
ToppCasinoBonus.com,,https://toppcasinobonus.com,7200,0,spam_casino,2026-10-05
SureBet,,https://www.sure.bet/casinos-not-on-gamstop/,6835,0,spam_casino,2026-10-05
Ігрові автомати,,https://betking.com.ua/games/all-slots/,6681,0,spam_casino,2026-10-05
CasinoTest Ltd.,,https://www.casinotest.de/,6590,0,spam_casino,2026-10-05
Wizard Slots,,https://www.wizardslots.com,6490,0,spam_casino,2026-10-05
WhiteHatCasinos.com,,https://www.whitehatcasinos.com,6300,0,spam_casino,2026-10-05
List.Casino,,https://list.casino,6200,0,spam_casino,2026-10-05
Correct Casinos Australia,,https://www.correctcasinos.com/australian-online-casinos/,6180,0,spam_casino,2026-10-05
CasinoAus,,https://www.casinoaus.net/,6100,0,spam_casino,2026-10-05
Bitcasino,,https://bitcasino.io,6000,0,spam_casino,2026-10-05
Casino.Guide,,https://casino.guide/,5900,0,spam_casino,2026-10-05
Casinot.net,,https://www.casinot.net,5900,0,spam_casino,2026-10-05
AU Online Casinos,,https://www.australiaonlinecasinosites.com/,5800,0,spam_casino,2026-10-05
Busy Bee Bingo,,https://www.busybeebingo.co.uk/,5800,0,spam_casino,2026-10-05
CasinoTop.com,,https://www.casinotop.com/,5548,0,spam_casino,2026-10-05
Casinogringos,,https://casinogringos.se,5506,0,spam_casino,2026-10-05
Betting sites Australia,,https://hellsbet.com/en-au/,5354,0,spam_casino,2026-10-05
Casimba Casino,,https://www.casimba.com/en-gb/,5200,0,spam_casino,2026-10-05
CasinoTop España,,https://www.casinotop.com/es/,5004,0,spam_casino,2026-10-05
777 Casino,,https://www.777casino.co.uk/,4979,0,spam_casino,2026-10-05
CasinoHEX Phillipines,,https://onlinecasinohex.ph/,3715,0,spam_casino,2026-10-05
Neue Online Casinos,,https://de.trustpilot.com/review/neuecasinoonline.com,3612,0,spam_casino,2026-10-05
casinosfest,,https://casinosfest.com/,2750,0,spam_casino,2026-10-05
iDealeCasinos,,https://idealecasinos.nl/,2400,0,spam_casino,2026-10-05
https://betking.com.ua/games/all-slots/,,https://betking.com.ua/games/all-slots/,2289,0,spam_casino,2026-10-05
Realcasinoscanada.com,,https://realcasinoscanada.com,2212,0,spam_casino,2026-10-05
VanguardNGR France,,https://www.vanguardngr.com/casino/fr/,2150,0,spam_casino,2026-10-05
non GamStop casinos,,https://www.stjames-theatre.co.uk/,2000,0,spam_casino,2026-10-05
Casino Favoritter,,https://casinofavoritter.com/,1922,0,spam_casino,2026-10-05
Online Casino Zonder Registratie,,https://nl.trustpilot.com/review/zonderregistratiecasinos.com,1800,0,spam_casino,2026-10-05
Casino på Nett,,https://anbefaltcasino.com/,1651,0,spam_casino,2026-10-05
payid casino,,https://payid-pokies.net/,1640,0,spam_casino,2026-10-05
Anbefalt Casino,,https://anbefaltcasino.com/,1515,0,spam_casino,2026-10-05
PlayAUCasino.com,,https://PlayAUCasino.com,1456,0,spam_casino,2026-10-05
Casinoutanreg,,https://casinoutanreg.com/casino-utan-svensk-licens/,1424,0,spam_casino,2026-10-05
EzCasino,,https://ezcasino.in/,1349,0,spam_casino,2026-10-05
Crypto SNACK,,https://www.cryptosnacks.org/bitcoin-casino/,1208,0,spam_casino,2026-10-05
Transparencia en Casinos Online,,https://www.educatransparencia.cl/,1200,0,spam_casino,2026-10-05
Buitenlandse Online Casino,,https://nl.trustpilot.com/review/buitenlandsecasino.vip,1000,0,spam_casino,2026-10-05
Slots City,,https://slotscity.ua/,967,0,spam_casino,2026-10-05
Realmoneycasinoonline.ca,,https://www.realmoneycasinoonline.ca,947,0,spam_casino,2026-10-05
iDEAL Casinos,,https://nl.trustpilot.com/review/idealcasinos.co.com,920,0,spam_casino,2026-10-05
non Gamstop casinos UK,,https://www.jostrust.org.uk/gambling/casinos-not-on-gamstop/,810,0,spam_casino,2026-10-05
Paysafecard Casino,,https://de.trustpilot.com/review/onlinecasinospaysafecard.com,802,0,spam_casino,2026-10-05
Casino ohne oasis,,https://de.trustpilot.com/review/onlinecasinoohneoasis.me,697,0,spam_casino,2026-10-05
Trustly Kasinot,,https://fi.trustpilot.com/review/trustlycasinos.co.com,610,0,spam_casino,2026-10-05
VanguardNGR Spain,,https://www.vanguardngr.com/casino/es/,606,0,spam_casino,2026-10-05
Inclave,,https://www.inclave.casino/,405,0,spam_casino,2026-10-05
no deposit bonus casinos,,https://peoplepoweredmachines.com/,235,0,spam_casino,2026-10-05
Nettcasinobonus.com,,https://nettcasinobonus.com/,182,0,spam_casino,2026-10-05
Gamble Critic,,https://gamblecritic.org/,161,0,spam_casino,2026-10-05
My Mobi Casino,,https://www.mymobicasino.com,123,0,spam_casino,2026-10-05
New Casinos Australia,,https://newcasinosaustralia.com/,108,0,spam_casino,2026-10-05
Online Sportsbooks,,https://sportsbooks.ag,94,0,spam_casino,2026-10-05
bingo,,https://bingodrive.com,87,0,spam_casino,2026-10-05
Best Casinos Australia - BCA,,https://best-casinos-australia.com/,83,0,spam_casino,2026-10-05
HitCasinoBonus,,https://hitcasinobonus.com,49,0,spam_casino,2026-10-05
casinopathfinder.com,,https://casinopathfinder.com,48,0,spam_casino,2026-10-05
CryptoGamble.tips,,https://cryptogamble.tips,41,0,spam_casino,2026-10-05
Best betting sites in Kenya,,https://outlookindia.com/outlook-spotlight/best-betting-sites-in-kenya-news-328043,36,0,spam_casino,2026-10-05
KingJohnnie Casino Australia,,https://kingjohnnie-au.casino/,35,0,spam_casino,2026-10-05
Brand New Online Casinos USA No Deposit Bonus,,https://gpc.fm/,32,0,spam_casino,2026-10-05
Casinomucho,,https://casinomucho.com/,28,0,spam_casino,2026-10-05
NoAccountCasinos,,https://noaccountcasinos.io,18,0,spam_casino,2026-10-05
PayPal Online Casino,,https://paypalonline.casino,17,0,spam_casino,2026-10-05
MoonsCasino,,https://moons.casino,15,0,spam_casino,2026-10-05
Svizzera,,https://svizzeraonline.casino/,14,0,spam_casino,2026-10-05
BestPayoutCasino,,https://bestpayout.casino/,8,0,spam_casino,2026-10-05
Goread.io,,https://goread.io/buy-instagram-followers,60240,0,spam_followers,2026-10-05
Buy Instagram Followers Twicsy,,https://twicsy.com/buy-instagram-followers,46993,0,spam_followers,2026-10-05
Buzzoid - Buy Instagram Followers,,https://buzzoid.com/buy-instagram-followers/,31500,0,spam_followers,2026-10-05
Buy Instagram Followers from SocialWick,,https://www.socialwick.com/instagram/followers,26205,0,spam_followers,2026-10-05
Buy Youtube Views - Views4You,,https://views4you.com/buy-youtube-views/,17600,0,spam_followers,2026-10-05
Famety - Buy Instagram Followers,,https://www.famety.net/,12300,0,spam_followers,2026-10-05
Buy YouTube Views on Buzzoid,,https://buzzoid.com/buy-youtube-views/,9500,0,spam_followers,2026-10-05
Buy Instagram Followers Views4You,,https://views4you.com/buy-instagram-followers/,8500,0,spam_followers,2026-10-05
Views4You,,https://views4you.com/buy-youtube-subscribers/,8485,0,spam_followers,2026-10-05
Celebian,,https://celebian.com/buy-tiktok-followers,8484,0,spam_followers,2026-10-05
Buy Instagram followers,,https://skweezer.net/buy-instagram-followers,7760,0,spam_followers,2026-10-05
SocialsUp,,https://socialsup.net/buy-tiktok-followers/,5525,0,spam_followers,2026-10-05
SocialWick,,https://www.socialwick.com/instagram/followers,4130,0,spam_followers,2026-10-05
Buy Instagram Followers Thunderclapit,,https://thunderclap.it/buy-instagram-followers,4027,0,spam_followers,2026-10-05
Buy Instagram Followers In Nigeria,,https://selfiehashtag.com/buy-instagram-followers-in-nigeria/,3310,0,spam_followers,2026-10-05
Buy Instagram followers Insfollowpro,,https://insfollowpro.com,2700,0,spam_followers,2026-10-05
Buy TikTok Views,,https://billingsgazette.com/exclusive/article_6b4d2926-a0e9-5d4b-8440-48b8222400db.html,2125,0,spam_followers,2026-10-05
Buy Instagram Comments Twicsy,,https://twicsy.com/buy-instagram-comments,1621,0,spam_followers,2026-10-05
TikTokFame,,https://tiktokfame.co/buy-tiktok-followers,1375,0,spam_followers,2026-10-05
Buy TikTok Followers,,https://graming.com/buy-tiktok-followers/,1260,0,spam_followers,2026-10-05
buy organic instagram followers,,https://pressofatlanticcity.com/exclusive/article_b3346de2-cc51-5430-b380-66b58e8c80ed.html,1150,0,spam_followers,2026-10-05
Buy TikTok Likes,,https://tikviral.com,670,0,spam_followers,2026-10-05
Instasocials,,https://instasocials.com/buy-instagram-reels-views/,540,0,spam_followers,2026-10-05
Buy Instagram Likes and Views,,https://www.reddit.com/r/MrMarketing/comments/1tbtg1c/where_can_i_buy_instagram_views_that_dont_drop/,317,0,spam_followers,2026-10-05
Find the social proof you need to reach your audience! Boost conversions. Quickly buy Twitter Followers & more with no sign-up. Taking you to the next,,https://growthoid.com/buy-twitter-followers/,260,0,spam_followers,2026-10-05
BuyTikTokFollowers.co,,https://buytiktokfollowers.co/,233,0,spam_followers,2026-10-05
Buy TikTok Followers & Likes | Safe & Secure | Twicsy UK,,https://twicsy.uk/buy-tiktok-followers/,199,0,spam_followers,2026-10-05
Buy Youtube Views With PayPal,,https://organicsocialboost.com/buy-youtube-video-views/,70,0,spam_followers,2026-10-05
Buy Youtube Views,,https://buyyoutubviews.com/,1535,0,spam_seo,2026-10-05
YouTube views,,https://www.outlookindia.com/outlook-spotlight/buy-youtube-views-news-312325,621,0,spam_seo,2026-10-05
VeePN VPN,,https://veepn.com/vpn-apps/download-vpn-for-pc/,24890,0,spam_vpn,2026-10-05
VPN Finder,,https://vpnfinder.co.uk,44,0,spam_vpn,2026-10-05
Browsehappy,,https://browsehappy.pl/bezpieczenstwo/vpn/,13,0,spam_vpn,2026-10-05
vpn surf,,https://vpn.surf,7,0,spam_vpn,2026-10-05
Supabase,supabase,https://supabase.com,1097800,3,supabase_self_fund,2026-10-05
Baocasino,baocasino,https://www.baocasino.com/,14,0,spam_casino,2026-10-06
BSC News,bsc-news,https://bsc.news/,94,0,spam_casino,2026-10-06
Ukrainian online casinos,w-in-ua,https://w.in.ua/,2782,0,spam_casino,2026-10-06
Spin-Paradise,spin-paradise,https://spin-paradise.com/,112,0,spam_casino,2026-10-06
Aviator,aviator,https://techyguy.in/,115,0,spam_casino,2026-10-06
Writers Per Hour,writers-per-hour,https://writersperhour.com/,700,0,spam_seo,2026-10-06
AWISEE,awisee,https://awisee.com/,440,0,spam_seo,2026-10-06
GitHub Sponsors,github-sponsors,https://github.com/sponsors/,1713139.88,0,platform_pass_through,2026-10-06
Open Collective,open-collective,https://opencollective.com/,2659819.5,0,platform_pass_through,2026-10-06
Open Source Collective,open-source-collective,https://oscollective.org/,31266.55,0,platform_pass_through,2026-10-06
Open Collective Foundation,open-collective-foundation,https://opencollective.foundation/,1896330.91,0,platform_pass_through,2026-10-06
